,White->Black,White->Hisp,White->Other
0,0.0007784137293847623,0.0012411383386621109,0.001074278640784901
1,0.010323232566109493,0.012867977544932473,0.012442412727302898
2,0.0005745282715474936,0.0006644190781193899,0.0005163102088596352
3,0.0070409431272410285,0.0066923160385261,0.006115161657912587
4,0.002303053061689249,0.0037210616840088412,0.002774133070756395
5,0.024721557404483833,0.03334880865238135,0.027987999509155568
6,0.0018942096968759116,0.002310901617707835,0.001591387274856149
7,0.019042200530531486,0.020263029999080855,0.01639365233934085
