,White->Black,White->Hisp,White->Other
0,0.0006646290969333301,0.0013326157388764645,0.0012069666274465579
1,0.013857030818151957,0.017223534072686578,0.016433600800918123
2,0.0004815830323573186,0.000619412994120068,0.00046903465088663296
3,0.010455384051644824,0.010463435589172817,0.009645484800523133
4,0.003358870167477821,0.005547557141251415,0.004312538934585988
5,0.03557704065998885,0.03901511555169528,0.04073711060798333
6,0.0028452904391978516,0.0035348530423223606,0.00265834139744956
7,0.029733034714688196,0.02848410300836905,0.030369588995670268
